{"assets/btn_add.png":["assets/btn_add.png"],"assets/btn_chat.png":["assets/btn_chat.png"],"assets/btn_close.png":["assets/btn_close.png"],"assets/btn_exit.png":["assets/btn_exit.png"],"assets/btn_min.png":["assets/btn_min.png"],"assets/btn_send.png":["assets/btn_send.png"],"assets/btn_wishlist.png":["assets/btn_wishlist.png"],"assets/btn_wishlist_blue.png":["assets/btn_wishlist_blue.png"],"assets/icon_cart.png":["assets/icon_cart.png"],"assets/icon_chat.png":["assets/icon_chat.png"],"assets/icon_delete.png":["assets/icon_delete.png"],"assets/icon_email.png":["assets/icon_email.png"],"assets/icon_empty_cart.png":["assets/icon_empty_cart.png"],"assets/icon_headset.png":["assets/icon_headset.png"],"assets/icon_home.png":["assets/icon_home.png"],"assets/icon_line.png":["assets/icon_line.png"],"assets/icon_name.png":["assets/icon_name.png"],"assets/icon_password.png":["assets/icon_password.png"],"assets/icon_profile.png":["assets/icon_profile.png"],"assets/icon_store_location.png":["assets/icon_store_location.png"],"assets/icon_submit.png":["assets/icon_submit.png"],"assets/icon_success.png":["assets/icon_success.png"],"assets/icon_username.png":["assets/icon_username.png"],"assets/icon_wishlist.png":["assets/icon_wishlist.png"],"assets/icon_your_address.png":["assets/icon_your_address.png"],"assets/image_profile.png":["assets/image_profile.png"],"assets/image_shoes.png":["assets/image_shoes.png"],"assets/image_shoes2.png":["assets/image_shoes2.png"],"assets/image_shoes3.png":["assets/image_shoes3.png"],"assets/image_shoes4.png":["assets/image_shoes4.png"],"assets/image_shoes5.png":["assets/image_shoes5.png"],"assets/image_shoes6.png":["assets/image_shoes6.png"],"assets/image_shoes7.png":["assets/image_shoes7.png"],"assets/image_shoes8.png":["assets/image_shoes8.png"],"assets/image_shoplogo.png":["assets/image_shoplogo.png"],"assets/image_shoplogo_online.png":["assets/image_shoplogo_online.png"],"assets/image_splash.png":["assets/image_splash.png"],"assets/image_wishlist.png":["assets/image_wishlist.png"],"packages/cupertino_icons/assets/CupertinoIcons.ttf":["packages/cupertino_icons/assets/CupertinoIcons.ttf"]}